<?xml version="1.0" encoding="UTF-8"?>
<addon id="repository.amerr97" name="amerr97" version="0.12" provider-name="amerr97">
    <extension point="xbmc.addon.repository" name="amerr97">
        <dir>
            <info compressed="false">https://raw.githubusercontent.com/amerr97/blomqvist/master/zips/addons.xml</info>
            <checksum>https://raw.githubusercontent.com/amerr97/master/zips/addons.xml.md5</checksum>
            <datadir zip="true">https://raw.githubusercontent.com/amerr97/blomqvist/master/zips/</datadir>
        </dir>
        <dir>
            <info compressed="false">https://raw.githubusercontent.com/Proximus20001/mb-support/master/zips/addons.xml</info>
            <checksum>https://raw.githubusercontent.com/Proximus20001/mb-support/master/zips/addons.xml.md5</checksum>
            <datadir zip="true">https://raw.githubusercontent.com/Proximus20001/mb-support/master/zips</datadir>
        </dir>
        <dir>
            <info compressed="false">https://raw.githubusercontent.com/Gujal00/smrzips/master/addons.xml</info>
            <checksum>https://raw.githubusercontent.com/Gujal00/smrzips/master/addons.xml.md5</checksum>
            <datadir zip="true">https://raw.githubusercontent.com/Gujal00/smrzips/master/zips/</datadir>
        </dir>
    </extension> <!-- <--- ADD THIS missing closing tag here -->
    <extension point="xbmc.addon.metadata">
        <summary>...</summary>
        <description>...</description>
        <platform>all</platform>
        <assets>
            <icon>icon.png</icon>
            <fanart>fanart.jpg</fanart>            
        </assets>
    </extension>
</addon>